Open,High,Low,Close,Adj Close,Volume
38.0,43.0,38.0,42.0,41.12044143676758,129900
40.95000076293945,48.369998931884766,40.95000076293945,45.0,44.0576171875,153400
43.0,49.95000076293945,42.95000076293945,45.0,44.0576171875,329500
44.91999816894531,45.0,41.880001068115234,42.79999923706055,41.90369415283203,110000
42.5,44.91999816894531,41.33000183105469,41.89799880981445,41.02058029174805,23500
45.0099983215332,45.060001373291016,42.25,43.220001220703125,42.31489944458008,90500
47.2599983215332,49.619998931884766,43.75,45.7599983215332,44.80170440673828,151600
44.54999923706055,47.599998474121094,44.150001525878906,46.75,45.77096939086914,43600
46.0,48.0,46.0,48.0,46.99479675292969,71300
47.5,50.0,47.04999923706055,49.779998779296875,48.737518310546875,298800
50.03499984741211,56.22999954223633,49.79999923706055,53.0099983215332,51.89987564086914,23860900
52.189998626708984,56.56999969482422,50.29999923706055,53.619998931884766,52.497093200683594,8425500
52.599998474121094,54.33000183105469,50.119998931884766,50.13999938964844,49.0899772644043,6757800
50.0,50.040000915527344,46.0,46.06999969482422,45.10521697998047,9432500
45.130001068115234,47.560001373291016,44.16999816894531,45.5,44.54715347290039,7277500
44.75,47.45000076293945,43.880001068115234,47.310001373291016,46.319252014160156,4393100
45.5099983215332,48.5,45.380001068115234,47.04999923706055,46.06468963623047,2450000
46.7599983215332,48.90999984741211,46.060001373291016,48.09000015258789,47.08291244506836,3456800
48.189998626708984,49.0,46.9900016784668,48.11000061035156,47.10248947143555,2155000
47.70000076293945,48.45000076293945,47.20000076293945,48.0,46.99479675292969,2359800
47.720001220703125,48.470001220703125,46.95000076293945,47.20000076293945,46.211551666259766,5855300
46.31999969482422,47.08000183105469,45.189998626708984,45.290000915527344,44.341548919677734,3142600
45.150001525878906,45.900001525878906,44.79999923706055,45.40999984741211,44.45903396606445,2018700
45.40999984741211,45.68000030517578,43.4900016784668,43.540000915527344,42.628196716308594,2611100
43.689998626708984,43.9900016784668,42.18000030517578,43.09000015258789,42.18761444091797,2791200
43.150001525878906,44.59000015258789,42.220001220703125,44.31999969482422,43.53431701660156,2447900
44.29999923706055,44.93000030517578,43.7400016784668,43.90999984741211,43.1315803527832,2040700
43.29999923706055,46.619998931884766,42.459999084472656,45.97999954223633,45.164894104003906,5534900
45.619998931884766,48.04999923706055,45.349998474121094,47.790000915527344,46.94280242919922,4212900
48.0,50.29999923706055,47.33000183105469,49.459999084472656,48.58319854736328,3517100
49.81999969482422,50.33000183105469,47.547000885009766,49.52000045776367,48.64213562011719,2072200
49.16999816894531,51.040000915527344,48.25,51.0,50.09589385986328,2544600
51.060001373291016,52.58000183105469,49.869998931884766,51.650001525878906,50.734375,2726900
51.18000030517578,55.31999969482422,50.849998474121094,52.31999969482422,51.392494201660156,3873700
52.439998626708984,53.68000030517578,50.59000015258789,51.33000183105469,50.420047760009766,3050600
50.56999969482422,51.63999938964844,49.27000045776367,51.31999969482422,50.410221099853516,2692700
51.41999816894531,51.84000015258789,48.290000915527344,49.31999969482422,48.4456787109375,3034100
51.86000061035156,51.86000061035156,48.59000015258789,50.95000076293945,50.04678726196289,2916600
51.34000015258789,51.59000015258789,49.900001525878906,51.290000915527344,50.38075256347656,2117400
51.709999084472656,52.400001525878906,50.349998474121094,51.77000045776367,50.85224533081055,2989800
51.880001068115234,52.709999084472656,50.90999984741211,50.9900016784668,50.08607482910156,2244600
50.650001525878906,51.40999984741211,48.880001068115234,49.0099983215332,48.14116668701172,9663900
48.90999984741211,49.43000030517578,48.599998474121094,49.220001220703125,48.347450256347656,2452000
50.349998474121094,52.04999923706055,50.0099983215332,51.13999938964844,50.2334098815918,3841900
50.70000076293945,51.77000045776367,50.70000076293945,50.9900016784668,50.08607482910156,2396200
51.18000030517578,52.58000183105469,50.766998291015625,52.40999984741211,51.48089599609375,2335200
52.2400016784668,53.81999969482422,52.029998779296875,53.79999923706055,52.846256256103516,2441200
54.380001068115234,56.849998474121094,54.04999923706055,56.779998779296875,55.7734260559082,3127000
57.0,57.38999938964844,54.630001068115234,56.33000183105469,55.3314094543457,2201300
56.16999816894531,57.790000915527344,55.70000076293945,57.5,56.48067092895508,1934100
58.34000015258789,59.08000183105469,55.779998779296875,56.25,55.25282287597656,3817600
56.36000061035156,58.29999923706055,55.70000076293945,58.02000045776367,56.991451263427734,2156500
58.36000061035156,58.70000076293945,57.529998779296875,58.380001068115234,57.345069885253906,1885100
58.650001525878906,60.31999969482422,58.45000076293945,59.0,57.95407485961914,2143100
58.900001525878906,60.08000183105469,58.369998931884766,59.599998474121094,58.54343795776367,2559400
59.7599983215332,61.06999969482422,59.349998474121094,60.90999984741211,59.83021926879883,3925800
61.220001220703125,64.9000015258789,60.900001525878906,64.0199966430664,62.88507843017578,4762100
64.18000030517578,64.66200256347656,60.40999984741211,60.68000030517578,59.60429000854492,3487700
61.0,63.209999084472656,60.880001068115234,61.869998931884766,60.773193359375,2553000
62.040000915527344,64.55000305175781,61.75,64.19999694824219,63.061885833740234,3405700
64.12000274658203,64.72000122070312,62.180999755859375,62.54999923706055,61.44114685058594,1860100
62.290000915527344,64.16999816894531,62.290000915527344,63.310001373291016,62.18767166137695,1216800
63.630001068115234,66.88999938964844,62.880001068115234,66.70999908447266,65.52739715576172,2078800
67.81999969482422,68.68000030517578,65.06500244140625,65.41000366210938,64.25044250488281,2182800
65.0,66.30000305175781,62.150001525878906,62.66999816894531,61.55901336669922,2493700
62.5,64.45600128173828,62.290000915527344,62.43000030517578,61.323272705078125,2030500
62.36000061035156,62.84000015258789,59.439998626708984,62.27000045776367,61.166107177734375,2261600
61.79999923706055,62.220001220703125,59.90999984741211,59.95000076293945,58.887237548828125,2136500
60.0099983215332,61.189998626708984,59.72999954223633,60.09000015258789,59.02475357055664,1991600
60.220001220703125,61.349998474121094,58.79999923706055,61.310001373291016,60.223121643066406,3354600
61.5,61.86000061035156,59.150001525878906,59.209999084472656,58.16035079956055,2578400
59.29999923706055,59.9900016784668,56.900001525878906,58.20000076293945,57.16825866699219,2488200
58.45000076293945,60.45000076293945,58.45000076293945,59.70000076293945,58.64167022705078,2224200
60.119998931884766,62.29499816894531,59.84299850463867,61.810001373291016,60.71426010131836,2628900
61.220001220703125,61.9900016784668,59.16999816894531,60.15999984741211,59.09351348876953,1946800
60.2599983215332,61.22999954223633,58.70000076293945,60.27000045776367,59.20156478881836,2861000
60.56999969482422,60.56999969482422,56.56999969482422,57.619998931884766,56.59854507446289,2193700
58.25,59.869998931884766,56.73500061035156,57.040000915527344,56.02882766723633,2156200
57.11000061035156,59.029998779296875,56.529998779296875,57.369998931884766,56.352970123291016,1877000
57.310001373291016,57.849998474121094,53.08000183105469,53.470001220703125,52.65150833129883,3785600
54.529998779296875,55.9010009765625,53.630001068115234,54.61000061035156,53.77406311035156,2317500
54.41999816894531,57.130001068115234,54.34000015258789,56.59000015258789,55.723751068115234,1631900
56.849998474121094,59.47999954223633,55.97999954223633,59.31999969482422,58.411964416503906,2215100
59.41999816894531,60.255001068115234,56.93000030517578,57.279998779296875,56.40319061279297,4609100
57.130001068115234,57.5099983215332,54.91999816894531,57.22999954223633,56.35395431518555,2181100
57.5099983215332,58.939998626708984,55.4900016784668,56.650001525878906,55.782833099365234,2266200
57.5,57.59000015258789,55.86000061035156,56.599998474121094,55.73359680175781,1581800
56.54999923706055,57.36000061035156,55.06999969482422,56.779998779296875,55.91084289550781,1682300
56.880001068115234,59.34000015258789,56.880001068115234,59.16999816894531,58.264259338378906,1974700
59.18000030517578,63.042999267578125,59.16999816894531,62.470001220703125,61.51374816894531,3260100
62.400001525878906,66.63999938964844,62.0,66.5999984741211,65.58052825927734,2793800
65.54000091552734,66.38999938964844,61.369998931884766,62.08000183105469,61.12971878051758,7389300
62.380001068115234,63.91999816894531,62.150001525878906,63.650001525878906,62.675682067871094,2008600
63.689998626708984,64.12000274658203,61.97999954223633,63.75,62.77415084838867,1758500
63.2599983215332,65.81999969482422,63.119998931884766,65.16999816894531,64.17241668701172,1793500
65.56999969482422,66.94000244140625,65.38500213623047,66.38999938964844,65.37374114990234,2033200
65.5199966430664,66.69999694824219,65.16100311279297,66.55000305175781,65.53130340576172,2721700
66.44000244140625,66.47000122070312,63.130001068115234,64.7699966430664,63.778533935546875,1922200
64.26000213623047,64.45999908447266,61.15999984741211,61.209999084472656,60.27302932739258,1811000
59.849998474121094,61.060001373291016,59.209999084472656,59.790000915527344,58.87477493286133,1540800
58.27000045776367,58.9900016784668,55.20000076293945,55.47999954223633,54.6307487487793,2113200
56.029998779296875,56.47999954223633,53.31999969482422,54.439998626708984,53.60666275024414,2330400
55.70000076293945,59.55500030517578,55.68000030517578,58.20000076293945,57.30910873413086,3891700
56.33000183105469,58.349998474121094,56.08000183105469,58.2599983215332,57.368186950683594,4837000
58.54999923706055,59.5,55.48500061035156,58.099998474121094,57.210636138916016,6478700
58.099998474121094,60.939998626708984,58.099998474121094,60.380001068115234,59.455745697021484,4363600
59.279998779296875,60.43000030517578,58.8650016784668,59.209999084472656,58.30364990234375,3233400
59.880001068115234,61.22999954223633,57.790000915527344,58.650001525878906,57.752220153808594,2667600
58.84000015258789,60.34000015258789,57.97999954223633,59.279998779296875,58.37257766723633,6473700
59.119998931884766,59.87099838256836,58.41999816894531,59.41999816894531,58.510433197021484,1718900
59.84000015258789,60.90999984741211,57.83000183105469,58.08000183105469,57.190948486328125,1401700
57.959999084472656,58.154998779296875,56.31999969482422,57.310001373291016,56.43273162841797,1412200
56.900001525878906,58.83399963378906,56.54999923706055,57.2599983215332,56.38349533081055,2424400
56.720001220703125,58.09000015258789,56.619998931884766,57.599998474121094,56.718292236328125,1531900
57.150001525878906,57.369998931884766,52.88999938964844,54.939998626708984,54.09901428222656,2696000
55.130001068115234,57.220001220703125,54.560001373291016,56.7599983215332,55.891143798828125,1716600
57.56999969482422,59.900001525878906,57.56999969482422,59.11000061035156,58.20518112182617,1872100
58.939998626708984,59.810001373291016,57.41999816894531,59.650001525878906,58.736915588378906,2096000
59.650001525878906,60.13999938964844,58.40999984741211,59.84000015258789,58.92400360107422,1774700
59.40999984741211,61.11000061035156,58.91999816894531,59.22999954223633,58.323341369628906,1808400
58.150001525878906,60.279998779296875,58.150001525878906,59.81999969482422,58.90431594848633,1577200
58.290000915527344,58.970001220703125,57.09000015258789,57.91999816894531,57.03339385986328,2608600
54.959999084472656,56.645999908447266,52.63999938964844,55.65999984741211,54.8079948425293,5186100
56.33000183105469,56.66999816894531,54.59000015258789,54.810001373291016,53.971004486083984,2583100
55.439998626708984,55.5,54.16999816894531,55.0,54.1580924987793,2326200
55.15999984741211,55.345001220703125,53.369998931884766,54.06999969482422,53.24232482910156,2803600
53.86000061035156,54.85499954223633,53.310001373291016,54.15999984741211,53.33094787597656,1816800
54.790000915527344,55.599998474121094,53.41999816894531,54.0,53.173397064208984,1503100
53.97999954223633,55.060001373291016,53.369998931884766,54.959999084472656,54.11870574951172,1847700
55.400001525878906,56.66999816894531,54.88999938964844,55.5,54.65044403076172,1993500
55.029998779296875,55.7599983215332,54.18000030517578,55.529998779296875,54.67998123168945,1557200
62.58000183105469,65.94000244140625,62.189998626708984,64.58999633789062,63.601287841796875,8460600
63.849998474121094,66.5999984741211,63.63999938964844,66.0999984741211,65.08817291259766,3895200
66.05000305175781,66.5999984741211,64.12999725341797,65.30000305175781,64.30042266845703,2735200
65.30000305175781,66.79000091552734,64.98999786376953,65.83999633789062,64.83216094970703,1722900
66.62999725341797,67.37999725341797,65.54000091552734,67.16999816894531,66.14180755615234,2286700
65.51000213623047,68.37000274658203,65.51000213623047,67.45999908447266,66.4273681640625,2425900
69.76000213623047,75.9800033569336,69.75,74.30000305175781,73.16266632080078,4216800
77.01000213623047,77.62999725341797,74.97000122070312,75.88999938964844,74.72832489013672,3183600
75.75,76.7699966430664,75.0199966430664,75.72000122070312,74.56092834472656,2945700
76.05000305175781,77.19999694824219,75.5,77.12000274658203,75.93948364257812,2134600
77.12000274658203,80.05999755859375,76.68000030517578,78.83000183105469,77.62330627441406,2540200
79.6500015258789,81.68000030517578,79.04000091552734,81.5,80.39624786376953,2170800
80.25,82.43000030517578,80.25,81.19999694824219,80.10031127929688,1980100
81.0999984741211,82.11000061035156,80.9000015258789,81.4000015258789,80.297607421875,1878800
80.41999816894531,81.44999694824219,79.0999984741211,79.69999694824219,78.62062072753906,2502200
79.41999816894531,82.1449966430664,79.41999816894531,81.5999984741211,80.4948959350586,1939600
80.30999755859375,81.27999877929688,79.8499984741211,80.83999633789062,79.74518585205078,1704000
80.75,80.75,79.5199966430664,79.6500015258789,78.57130432128906,1724600
80.2699966430664,80.88999938964844,79.5999984741211,79.75,78.6699447631836,1065800
79.66000366210938,80.81500244140625,79.30999755859375,80.37000274658203,79.28155517578125,1430200
80.01000213623047,82.83000183105469,79.76499938964844,82.73999786376953,81.61945343017578,1551700
82.73999786376953,83.2300033569336,80.5999984741211,80.83000183105469,79.7353286743164,1641000
79.6500015258789,81.98999786376953,79.1500015258789,81.0,79.90302276611328,1191200
81.58000183105469,81.58000183105469,78.9800033569336,79.69000244140625,78.61075592041016,1802800
80.26000213623047,82.38999938964844,79.56999969482422,81.58999633789062,80.48502349853516,3016500
81.58999633789062,82.94000244140625,81.16000366210938,82.5199966430664,81.40242767333984,2421100
82.58000183105469,83.69000244140625,80.95999908447266,81.06999969482422,79.9720687866211,2232200
81.69999694824219,82.69999694824219,81.08000183105469,82.26000213623047,81.14596557617188,2013300
82.5999984741211,84.45999908447266,81.68399810791016,82.9000015258789,81.77729034423828,1759100
82.87000274658203,85.94999694824219,82.87000274658203,85.79000091552734,84.62814331054688,2184400
86.5,87.80999755859375,85.43499755859375,87.51000213623047,86.32485961914062,1905300
88.55999755859375,88.66000366210938,87.45999908447266,88.12999725341797,86.93646240234375,1733800
86.9000015258789,88.02999877929688,85.7699966430664,86.37999725341797,85.21015930175781,1974200
86.37999725341797,88.52999877929688,86.26000213623047,88.05000305175781,86.8575439453125,3600300
87.87999725341797,88.26000213623047,86.30999755859375,86.80000305175781,85.62448120117188,3631800
86.61000061035156,86.86000061035156,84.89299774169922,85.56999969482422,84.41112518310547,6245600
85.4000015258789,89.69999694824219,85.25,89.36000061035156,88.14979553222656,4407400
88.41000366210938,90.18000030517578,87.55999755859375,87.75,86.56159973144531,4626000
88.79000091552734,90.08999633789062,87.2300033569336,87.27999877929688,86.09796905517578,2155100
88.0,88.0,84.62999725341797,85.37999725341797,84.22370910644531,1863300
83.78500366210938,84.33999633789062,82.15499877929688,83.8499984741211,82.71442413330078,2678800
83.66999816894531,84.94999694824219,81.6500015258789,82.91999816894531,81.79701232910156,1973300
83.69000244140625,85.41500091552734,83.08000183105469,83.97000122070312,82.83280181884766,1777800
84.11000061035156,85.52999877929688,83.18000030517578,85.0199966430664,83.86857604980469,1564300
85.05000305175781,86.20999908447266,82.06999969482422,83.04000091552734,81.91539001464844,1823700
83.27999877929688,84.44999694824219,82.22000122070312,83.19000244140625,82.06336212158203,3267800
85.02999877929688,86.91000366210938,83.87000274658203,86.58999633789062,85.41731262207031,2026700
88.30000305175781,89.46499633789062,87.16000366210938,89.33999633789062,88.13006591796875,1679100
87.68000030517578,89.47000122070312,85.58999633789062,88.16999816894531,86.97591400146484,1766700
88.2300033569336,89.90899658203125,85.94999694824219,86.27999877929688,85.11151123046875,1677300
85.70999908447266,85.75,83.37000274658203,84.38999938964844,83.24710083007812,2017200
84.94999694824219,85.62999725341797,83.93000030517578,84.72000122070312,83.57263946533203,982800
84.41000366210938,85.31999969482422,82.55000305175781,82.87999725341797,81.75755310058594,1534200
83.11000061035156,83.58999633789062,81.68000030517578,82.16000366210938,81.04732513427734,1878400
80.55999755859375,84.31999969482422,79.30000305175781,83.81999969482422,82.68482208251953,2746500
84.20999908447266,84.76000213623047,80.70999908447266,81.26000213623047,80.15950012207031,1693300
83.22000122070312,86.29000091552734,83.13999938964844,85.19000244140625,84.0362777709961,1678900
86.5,87.4000015258789,84.51000213623047,86.51000213623047,85.3384017944336,1598900
85.08999633789062,86.2300033569336,84.55999755859375,85.69000244140625,84.52949523925781,1325800
86.37000274658203,86.7300033569336,84.18000030517578,84.55999755859375,83.41480255126953,2076500
84.69999694824219,87.45999908447266,83.66000366210938,87.27999877929688,86.09796905517578,1749200
87.56800079345703,87.70999908447266,85.56999969482422,87.58000183105469,86.39391326904297,1325000
87.5,88.55999755859375,86.75,88.1500015258789,86.95619201660156,1647200
89.68000030517578,89.68000030517578,87.33000183105469,88.77999877929688,87.57765197753906,1370100
89.80500030517578,93.13999938964844,89.80500030517578,93.04000091552734,91.77996063232422,3345800
92.88999938964844,95.25199890136719,91.81999969482422,93.75,92.4803466796875,1958000
94.13999938964844,95.41999816894531,93.375,94.54000091552734,93.25965881347656,2276600
95.23999786376953,96.23999786376953,94.00499725341797,95.5199966430664,94.22637176513672,1467400
94.68000030517578,96.29000091552734,92.9800033569336,93.08999633789062,91.82927703857422,1966100
92.16000366210938,95.44999694824219,92.16000366210938,94.41000366210938,93.13140869140625,1484400
95.08999633789062,96.20999908447266,92.74500274658203,94.31999969482422,93.04263305664062,1974300
95.05999755859375,95.05999755859375,92.95999908447266,93.5,92.23372650146484,2120300
89.55999755859375,93.1050033569336,86.08000183105469,87.54000091552734,86.35445404052734,4345400
87.0,89.91999816894531,86.33000183105469,87.3499984741211,86.16702270507812,2241500
90.5,95.83999633789062,88.19999694824219,95.13999938964844,93.85151672363281,4885600
95.29000091552734,95.87000274658203,91.6050033569336,92.30999755859375,91.05985260009766,3133200
92.0,94.72000122070312,92.0,93.91999816894531,92.78977966308594,1997000
94.51000213623047,94.75,92.6500015258789,93.5,92.37483215332031,2537200
94.30999755859375,94.5199966430664,91.27999877929688,91.68000030517578,90.57672882080078,1384600
90.43000030517578,91.45999908447266,88.87000274658203,90.05000305175781,88.96635437011719,1792500
90.12000274658203,93.44000244140625,90.0260009765625,93.30000305175781,92.17724609375,2515700
94.06999969482422,94.22000122070312,92.76000213623047,93.38999938964844,92.26615142822266,1744800
94.55999755859375,96.36000061035156,94.08999633789062,96.2699966430664,95.11149597167969,1567600
96.02999877929688,97.88999938964844,94.41500091552734,96.62000274658203,95.45729064941406,1135900
96.5999984741211,97.44999694824219,96.0,97.16000366210938,95.99078369140625,631700
96.06999969482422,96.58999633789062,94.37999725341797,94.80999755859375,93.6690673828125,1590100
94.69000244140625,95.11000061035156,93.31999969482422,94.43000030517578,93.29364776611328,1436200
94.13999938964844,96.94000244140625,93.76000213623047,96.12000274658203,94.96330261230469,3361800
97.0,97.77999877929688,93.87999725341797,94.47000122070312,93.33316040039062,1748600
92.98999786376953,93.48999786376953,91.04000091552734,92.04000091552734,90.93241119384766,1848700
91.01000213623047,91.61000061035156,89.80000305175781,90.05999755859375,88.97622680664062,2397000
89.86000061035156,90.87999725341797,89.80000305175781,90.77999877929688,89.68756103515625,1237500
90.87999725341797,93.19999694824219,90.58999633789062,91.97000122070312,90.86324310302734,1237200
92.33000183105469,92.98500061035156,90.93000030517578,91.41000366210938,90.30999755859375,1002400
91.36000061035156,91.86000061035156,89.69000244140625,89.72000122070312,88.64032745361328,1384600
89.9800033569336,90.91999816894531,89.06999969482422,90.87999725341797,89.7863540649414,1554100
91.9800033569336,92.70999908447266,90.38999938964844,90.83999633789062,89.74683380126953,1629900
91.54000091552734,92.29000091552734,89.87999725341797,90.8499984741211,89.75672149658203,2561600
90.80999755859375,90.8499984741211,89.43000030517578,89.69999694824219,88.62056732177734,2245100
88.1500015258789,88.5999984741211,85.93000030517578,88.19999694824219,87.13861083984375,3911700
88.37999725341797,88.66999816894531,87.0,87.7300033569336,86.67427062988281,1238100
88.0,88.12000274658203,87.125,87.55999755859375,86.50630950927734,1306600
87.98999786376953,90.16999816894531,86.70999908447266,89.6500015258789,88.5711669921875,1409500
89.12999725341797,89.375,86.52999877929688,87.33000183105469,86.2790756225586,1548300
87.5199966430664,88.2300033569336,87.12999725341797,88.04000091552734,86.98053741455078,600700
88.44000244140625,88.91000366210938,87.2699966430664,87.63999938964844,86.5853500366211,634400
87.94999694824219,88.33999633789062,86.41999816894531,86.61000061035156,85.5677490234375,752000
87.16000366210938,87.69000244140625,86.27999877929688,86.7699966430664,85.72582244873047,870800
86.5999984741211,86.5999984741211,85.12000274658203,86.20999908447266,85.17256164550781,1343300
86.0,86.12000274658203,80.79000091552734,81.91000366210938,80.92430877685547,4030600
81.94999694824219,83.73999786376953,81.29000091552734,83.41000366210938,82.40626525878906,2612200
82.91999816894531,83.91999816894531,81.88500213623047,82.41000366210938,81.41829681396484,1906300
83.62000274658203,85.16000366210938,83.08000183105469,83.5,82.49517059326172,1914100
83.8499984741211,85.20999908447266,83.58000183105469,84.0,82.9891586303711,1301500
83.4000015258789,83.48999786376953,81.58000183105469,83.08000183105469,82.08023071289062,1376700
83.0,84.375,82.44000244140625,84.11000061035156,83.09783935546875,1696200
83.87999725341797,84.80000305175781,82.7699966430664,84.33999633789062,83.3250732421875,1496700
83.80999755859375,85.70500183105469,83.44999694824219,85.16000366210938,84.13520050048828,1366200
83.93000030517578,85.0199966430664,83.0,83.37000274658203,82.36674499511719,2763600
83.31999969482422,84.51000213623047,81.7699966430664,81.8499984741211,80.86502075195312,2084900
81.5999984741211,81.79000091552734,80.75499725341797,80.83999633789062,79.86717224121094,1635500
81.12000274658203,83.0999984741211,80.44999694824219,83.0,82.00119018554688,1795100
82.93000030517578,84.29000091552734,82.55799865722656,84.13999938964844,83.12747955322266,1596200
84.0,84.2300033569336,82.9800033569336,83.91000366210938,82.9002456665039,1176000
83.41999816894531,83.55999755859375,82.48999786376953,83.4000015258789,82.39637756347656,1535200
83.62999725341797,86.06999969482422,83.27999877929688,85.87999725341797,84.84652709960938,2161100
85.87999725341797,86.66000366210938,84.83999633789062,86.58000183105469,85.53810119628906,1455100
85.91999816894531,86.8499984741211,82.25,82.4000015258789,81.40841674804688,3045800
82.87999725341797,85.5,82.37999725341797,85.36000061035156,84.3327865600586,2509000
85.45500183105469,85.87000274658203,82.875,85.41000366210938,84.38219451904297,2623400
85.4800033569336,86.68000030517578,83.75499725341797,85.33000183105469,84.30314636230469,2389600
84.37999725341797,85.16000366210938,83.05000305175781,83.19999694824219,82.19877624511719,1807200
83.01000213623047,83.8499984741211,82.51000213623047,83.26000213623047,82.25806427001953,1502000
83.33000183105469,86.2699966430664,82.33000183105469,85.93000030517578,84.89593505859375,2032900
84.75,85.0,84.13999938964844,84.33999633789062,83.3250732421875,2005900
84.93000030517578,85.45999908447266,83.93000030517578,84.41999816894531,83.40410614013672,1975000
84.20999908447266,87.0,84.16999816894531,86.80999755859375,85.76533508300781,1350300
86.88999938964844,87.30000305175781,85.94000244140625,86.38999938964844,85.35039520263672,1173500
85.91999816894531,87.60199737548828,85.1500015258789,86.05999755859375,85.02436065673828,2383100
84.5,86.48500061035156,84.36000061035156,86.01000213623047,84.9749755859375,2030600
85.0,87.91999816894531,84.92500305175781,85.62999725341797,84.59954071044922,3037600
85.19999694824219,86.04000091552734,81.9000015258789,84.55000305175781,83.53253936767578,3570700
81.61000061035156,83.01000213623047,79.9000015258789,80.37000274658203,79.40284729003906,5056000
79.30999755859375,79.30999755859375,76.4000015258789,77.80000305175781,76.86376953125,3341000
78.0,79.44499969482422,78.0,79.22000122070312,78.26667785644531,1584900
77.7300033569336,79.41000366210938,77.4800033569336,79.2699966430664,78.5958480834961,1529100
79.41999816894531,80.0999984741211,77.99500274658203,78.37000274658203,77.7035140991211,1326200
77.80999755859375,77.98999786376953,74.4000015258789,74.88999938964844,74.25310516357422,3584800
74.12999725341797,75.38999938964844,72.83000183105469,74.3499984741211,73.71769714355469,2594400
74.12999725341797,76.7300033569336,74.0,76.18000030517578,75.53214263916016,1949900
76.2300033569336,79.19999694824219,76.0,78.9800033569336,78.30833435058594,2304600
78.36000061035156,78.87999725341797,77.3499984741211,78.80000305175781,78.1298599243164,2295000
79.06999969482422,79.06999969482422,77.31999969482422,77.9000015258789,77.23750305175781,2203900
77.75,78.44999694824219,77.0999984741211,78.06999969482422,77.40605926513672,1261600
78.04000091552734,80.19000244140625,77.4000015258789,78.63999938964844,77.97120666503906,3110500
79.19000244140625,79.77999877929688,77.23999786376953,77.55000305175781,76.89049530029297,2895700
76.93000030517578,78.6050033569336,76.48999786376953,77.0999984741211,76.4443130493164,2242400
77.5,79.0999984741211,77.16999816894531,77.93000030517578,77.26725769042969,2142800
77.29000091552734,77.87999725341797,76.3499984741211,77.33000183105469,76.67234802246094,1957000
76.62000274658203,79.04000091552734,76.02999877929688,78.43000030517578,77.76300048828125,1962900
77.72000122070312,78.45999908447266,75.98500061035156,76.7699966430664,76.11711120605469,3896500
77.05999755859375,78.43000030517578,76.91000366210938,77.0,76.34516143798828,1629500
77.58000183105469,78.11000061035156,75.97000122070312,76.5199966430664,75.8692398071289,2045700
76.2699966430664,76.33000183105469,74.4000015258789,74.41999816894531,73.78709411621094,1863400
74.66999816894531,75.12999725341797,72.7699966430664,73.4000015258789,72.7757797241211,1655400
72.55999755859375,73.5199966430664,71.16000366210938,73.44000244140625,72.81544494628906,2777200
73.44000244140625,75.42500305175781,73.44000244140625,75.2699966430664,74.62987518310547,3225500
75.06999969482422,76.80999755859375,74.85399627685547,75.51000213623047,74.86783599853516,1752200
76.29000091552734,76.55999755859375,75.42500305175781,75.87999725341797,75.23468017578125,2299500
76.69000244140625,77.44000244140625,76.0,76.81999969482422,76.16668701171875,1737800
76.81999969482422,78.5999984741211,76.7300033569336,78.5,77.83240509033203,2984400
78.0,78.55000305175781,76.4800033569336,76.62000274658203,75.96839904785156,1894900
76.66999816894531,76.97000122070312,75.12000274658203,76.0199966430664,75.37349700927734,1316200
75.87999725341797,77.12000274658203,75.68000030517578,76.5,75.84941864013672,1204800
76.61000061035156,76.9800033569336,76.16000366210938,76.95999908447266,76.30550384521484,1223000
76.52999877929688,77.37000274658203,75.86000061035156,77.33000183105469,76.67234802246094,1485500
77.76000213623047,77.80999755859375,77.17500305175781,77.41999816894531,76.76158905029297,1371500
77.93000030517578,77.94999694824219,76.66000366210938,76.80999755859375,76.15676879882812,1171100
76.69000244140625,77.58999633789062,76.16999816894531,77.13999938964844,76.48397064208984,1324700
76.31999969482422,76.63500213623047,75.5,76.43000030517578,75.7800064086914,1328400
76.58000183105469,76.82499694824219,74.66000366210938,75.04000091552734,74.40182495117188,1093300
75.33999633789062,75.94999694824219,74.16999816894531,74.4800033569336,73.84659576416016,1235200
74.97000122070312,75.4000015258789,74.50299835205078,74.75,74.11430358886719,1039300
74.73999786376953,76.56999969482422,74.69000244140625,76.47000122070312,75.81966400146484,1926900
76.81999969482422,76.96499633789062,75.95999908447266,76.55000305175781,75.89898681640625,1178900
76.43000030517578,77.33499908447266,75.5999984741211,77.29000091552734,76.6326904296875,1094300
76.63999938964844,77.13999938964844,75.83999633789062,76.93000030517578,76.27574920654297,1722400
76.51000213623047,76.97000122070312,75.45999908447266,75.86000061035156,75.21485137939453,3100600
76.2699966430664,77.23999786376953,75.9800033569336,76.75,76.09728240966797,1865700
76.9000015258789,77.47000122070312,76.30000305175781,77.4000015258789,76.74176025390625,2233400
77.5199966430664,77.6500015258789,76.76000213623047,77.05000305175781,76.39473724365234,1788300
76.7300033569336,77.4000015258789,75.94999694824219,76.79000091552734,76.1369400024414,2554000
77.19999694824219,77.5999984741211,76.1500015258789,76.51000213623047,75.85932922363281,1607000
76.9800033569336,80.37000274658203,74.91000366210938,78.58999633789062,77.921630859375,3830400
79.12000274658203,80.44999694824219,78.27999877929688,79.48999786376953,78.81398010253906,2359300
79.73999786376953,79.8499984741211,78.08000183105469,78.70999908447266,78.04061889648438,2360100
77.9800033569336,79.0999984741211,77.80999755859375,78.94999694824219,78.27857208251953,3158300
79.8499984741211,80.12000274658203,78.74500274658203,79.45500183105469,78.77928924560547,1629400
78.58000183105469,79.55000305175781,78.23999786376953,79.12000274658203,78.72654724121094,2497400
79.44999694824219,80.38999938964844,78.86000061035156,79.8499984741211,79.45291137695312,1991000
80.62999725341797,81.08999633789062,79.18000030517578,80.2699966430664,79.8708267211914,2048300
80.19000244140625,80.19000244140625,78.33000183105469,79.0,78.60713958740234,3709100
79.08999633789062,80.62999725341797,78.70999908447266,80.38999938964844,79.99022674560547,2329500
80.2699966430664,81.47000122070312,79.56199645996094,81.4000015258789,80.99520874023438,2849300
81.7300033569336,83.23500061035156,81.52999877929688,82.30000305175781,81.89073181152344,2407100
82.7300033569336,83.95999908447266,82.30999755859375,83.52999877929688,83.11461639404297,1908300
83.36000061035156,84.55999755859375,83.16500091552734,84.04000091552734,83.62207794189453,2232200
84.04000091552734,84.37000274658203,82.55000305175781,83.30999755859375,82.89570617675781,2430300
83.19999694824219,83.19999694824219,81.9000015258789,82.75,82.33849334716797,1863100
82.94999694824219,83.94999694824219,82.30999755859375,83.8499984741211,83.43302154541016,2267100
83.86000061035156,85.04499816894531,83.13500213623047,83.69999694824219,83.28376007080078,2198200
83.52999877929688,84.55000305175781,82.44999694824219,84.0199966430664,83.60218048095703,5214700
84.875,89.16200256347656,84.79000091552734,88.87999725341797,88.43800354003906,3646900
88.66000366210938,89.05000305175781,87.2699966430664,87.54000091552734,87.10467529296875,3225600
87.81999969482422,88.80999755859375,87.18000030517578,87.51000213623047,87.07482147216797,1819000
87.13999938964844,89.88999938964844,87.13999938964844,89.55000305175781,89.10467529296875,2311500
89.55000305175781,90.87999725341797,89.12999725341797,90.80999755859375,90.35841369628906,2452100
91.48999786376953,92.46800231933594,91.05999755859375,92.30000305175781,91.84100341796875,3075700
92.30000305175781,93.7699966430664,92.08999633789062,93.29000091552734,92.8260726928711,2530100
93.0,94.0199966430664,92.87999725341797,93.75,93.2837905883789,1720700
93.95999908447266,95.33000183105469,93.58999633789062,94.25,93.78130340576172,2429900
94.52999877929688,95.0,92.7699966430664,93.19999694824219,92.73651885986328,2573200
93.72000122070312,93.75,92.95999908447266,93.45999908447266,92.99523162841797,3712300
93.58999633789062,94.5199966430664,92.73999786376953,92.88999938964844,92.42806243896484,4963400
93.12999725341797,93.36000061035156,91.88999938964844,91.98999786376953,91.53253936767578,1846900
90.87999725341797,91.03500366210938,89.18499755859375,90.5,90.0499496459961,2684900
90.5,90.68499755859375,87.86499786376953,89.25,88.80616760253906,3205600
89.63999938964844,90.69999694824219,89.12000274658203,90.36000061035156,89.91065216064453,2875900
90.25,91.19999694824219,89.69000244140625,90.62999725341797,90.1792984008789,1890400
90.97000122070312,91.01499938964844,89.9800033569336,90.8499984741211,90.3982162475586,1472800
90.9000015258789,90.9000015258789,89.70999908447266,90.55000305175781,90.09970092773438,1605400
90.51000213623047,91.34500122070312,90.13999938964844,90.87000274658203,90.41812133789062,1738700
92.05000305175781,92.29000091552734,91.04000091552734,91.55000305175781,91.09473419189453,2666400
91.01000213623047,91.73999786376953,90.33000183105469,91.5999984741211,91.14447784423828,1089100
91.41999816894531,93.20999908447266,91.3499984741211,92.13999938964844,91.68180084228516,2087300
91.47000122070312,91.47000122070312,89.8499984741211,91.0,90.5474624633789,2263300
91.0,91.70999908447266,90.66000366210938,91.33000183105469,90.8758316040039,1334000
91.37999725341797,93.62999725341797,91.37999725341797,93.5999984741211,93.13453674316406,1539300
93.83999633789062,94.43000030517578,92.86000061035156,94.36000061035156,93.89075469970703,1260900
94.94000244140625,96.16000366210938,94.08000183105469,96.05999755859375,95.5822982788086,1532600
95.8499984741211,96.06999969482422,94.87999725341797,95.2699966430664,94.79622650146484,1462400
94.88999938964844,95.53500366210938,94.6989974975586,95.0,94.52758026123047,1259900
94.47000122070312,96.91999816894531,94.47000122070312,96.18000030517578,95.70170593261719,1951400
96.0,96.6500015258789,93.88999938964844,95.37000274658203,94.89573669433594,1925300
94.83000183105469,95.54000091552734,93.93000030517578,94.7300033569336,94.25891876220703,1785300
95.5,97.31999969482422,95.23999786376953,96.88999938964844,96.40817260742188,1600300
97.58000183105469,98.1500015258789,96.30999755859375,96.5999984741211,96.11961364746094,5081100
96.5999984741211,96.80999755859375,95.76000213623047,96.55000305175781,96.06986999511719,1077800
95.94999694824219,98.16000366210938,95.9000015258789,97.5199966430664,97.03504180908203,854800
96.66999816894531,98.23999786376953,96.66999816894531,97.33999633789062,96.8559341430664,1243000
97.7300033569336,97.75,95.19999694824219,95.41999816894531,94.94548797607422,897900
96.26000213623047,96.66000366210938,95.26000213623047,95.73999786376953,95.2638931274414,1135900
95.83999633789062,96.69000244140625,95.4000015258789,96.6500015258789,96.16937255859375,1170200
96.23999786376953,97.08999633789062,96.06999969482422,96.30000305175781,95.82111358642578,1469600
95.98999786376953,96.0250015258789,94.43000030517578,95.55000305175781,95.07483673095703,2040300
95.97000122070312,103.5739974975586,95.76000213623047,101.13999938964844,100.63703918457031,3511000
101.91999816894531,104.70500183105469,101.79000091552734,103.94000244140625,103.4231185913086,2723600
104.58000183105469,104.6500015258789,102.7750015258789,103.75,103.23405456542969,1759800
102.95999908447266,104.93000030517578,102.95999908447266,104.80999755859375,104.28878784179688,1207300
104.62000274658203,105.9000015258789,104.30799865722656,105.11000061035156,104.58729553222656,1646700
105.97000122070312,106.8499984741211,105.11000061035156,105.72000122070312,105.19426727294922,1563700
105.44000244140625,106.71700286865234,104.98999786376953,106.55999755859375,106.31366729736328,1414100
106.45999908447266,107.5999984741211,105.71299743652344,107.0,106.75265502929688,2404000
106.38999938964844,106.58499908447266,105.62000274658203,106.23999786376953,105.9944076538086,1709600
106.4000015258789,106.44999694824219,105.0,105.0999984741211,104.85704803466797,1835200
105.4800033569336,106.1449966430664,104.56999969482422,104.81999969482422,104.57769012451172,1800600
104.52999877929688,105.54000091552734,104.51000213623047,104.7699966430664,104.5278091430664,1660800
104.5999984741211,106.45600128173828,104.27999877929688,106.11000061035156,105.86470794677734,1377000
105.66000366210938,106.54499816894531,105.51000213623047,106.26000213623047,106.01436614990234,1276900
106.94999694824219,109.26000213623047,106.94999694824219,108.44000244140625,108.1893310546875,1393500
108.9000015258789,110.25,106.83999633789062,106.91999816894531,106.67283630371094,1498700
106.81999969482422,107.44000244140625,105.56999969482422,105.87000274658203,105.6252670288086,1383800
106.30500030517578,107.3499984741211,105.2300033569336,105.37000274658203,105.12642669677734,1088000
105.2300033569336,106.16999816894531,104.80000305175781,105.54000091552734,105.29602813720703,1131500
105.33999633789062,106.26799774169922,105.08999633789062,105.73999786376953,105.49556732177734,1167400
105.94999694824219,106.08999633789062,103.7699966430664,104.16000366210938,103.91921997070312,2035500
105.62999725341797,107.41000366210938,105.19999694824219,107.29000091552734,107.04198455810547,1338800
106.55000305175781,106.7300033569336,105.1510009765625,106.05000305175781,105.80485534667969,1433200
106.33000183105469,107.79000091552734,105.98999786376953,106.63999938964844,106.39348602294922,1337800
107.86000061035156,110.95500183105469,107.18000030517578,108.54000091552734,108.28909301757812,1951100
108.2300033569336,109.66000366210938,108.2300033569336,108.63999938964844,108.38886260986328,1428100
108.80000305175781,110.39700317382812,108.6500015258789,109.9800033569336,109.72576904296875,1820700
109.54000091552734,110.09500122070312,108.1500015258789,108.5,108.24918365478516,1557100
108.77999877929688,110.08999633789062,108.51000213623047,109.2699966430664,109.01740264892578,1894600
109.76000213623047,112.62000274658203,109.5250015258789,112.45999908447266,112.20002746582031,2308300
112.45999908447266,112.68000030517578,109.80000305175781,109.93000030517578,109.6758804321289,4287700
110.43000030517578,112.25,110.41000366210938,110.73999786376953,110.4840087890625,1358500
111.08999633789062,111.37999725341797,110.30000305175781,110.54000091552734,110.28446960449219,1972100
110.93000030517578,111.18000030517578,109.91000366210938,110.12999725341797,109.87541198730469,924500
109.62999725341797,110.63999938964844,109.51000213623047,109.94000244140625,109.68585968017578,1443800
109.45999908447266,110.73999786376953,108.61499786376953,110.36000061035156,110.10488891601562,1210500
109.72000122070312,112.91999816894531,109.49500274658203,112.20999908447266,111.95060729980469,2115200
111.66000366210938,111.71499633789062,107.93000030517578,108.48999786376953,108.23920440673828,2309700
108.9800033569336,111.29000091552734,108.9800033569336,110.75,110.49398803710938,2819500
110.7699966430664,110.9800033569336,108.83499908447266,109.31999969482422,109.06729125976562,1550700
110.04000091552734,110.70999908447266,108.63999938964844,109.08000183105469,108.82785034179688,2867500
108.30000305175781,108.30000305175781,102.76000213623047,104.7300033569336,104.48790740966797,2892500
103.20999908447266,104.91999816894531,102.40499877929688,104.88999938964844,104.64752960205078,2557000
104.63999938964844,106.5999984741211,104.2249984741211,106.16000366210938,105.91459655761719,1973900
106.9800033569336,108.5,106.61000061035156,107.87999725341797,107.630615234375,1589200
106.55000305175781,110.58000183105469,105.12999725341797,110.16999816894531,109.91532135009766,2095800
110.16999816894531,111.48699951171875,109.97000122070312,111.37999725341797,111.12252807617188,1258400
110.95999908447266,113.48999786376953,110.95999908447266,113.0,112.73878479003906,1464400
113.91000366210938,115.1780014038086,113.30999755859375,115.06999969482422,114.80400085449219,1353300
114.91000366210938,116.16000366210938,114.45999908447266,115.72000122070312,115.45249938964844,1299700
116.7699966430664,117.38999938964844,112.98999786376953,113.69000244140625,113.42719268798828,1699400
114.7699966430664,117.12000274658203,114.61000061035156,116.83000183105469,116.55992889404297,1701700
116.05000305175781,117.98999786376953,115.70999908447266,117.1500015258789,116.87918853759766,1214600
117.33000183105469,118.6449966430664,115.80999755859375,116.06999969482422,115.80168914794922,1050700
116.0,116.61000061035156,114.11000061035156,114.29000091552734,114.02580261230469,981000
114.11000061035156,114.79000091552734,111.91999816894531,112.0999984741211,111.84086608886719,1654400
111.83000183105469,113.02999877929688,110.39900207519531,112.11000061035156,111.85084533691406,950800
113.26000213623047,115.30000305175781,113.26000213623047,114.2699966430664,114.00584411621094,1930900
114.2300033569336,114.2699966430664,111.66999816894531,112.02999877929688,111.77102661132812,1575000
112.0,113.02999877929688,111.13999938964844,112.72000122070312,112.45943450927734,1652700
113.0,113.36000061035156,109.89299774169922,110.77999877929688,110.52391815185547,1128700
111.86000061035156,113.2300033569336,111.50499725341797,113.02999877929688,112.76871490478516,1271600
113.12000274658203,113.51000213623047,111.16999816894531,112.91999816894531,112.65896606445312,1942000
113.58999633789062,115.37999725341797,112.83000183105469,114.8499984741211,114.58450317382812,2751300
114.91000366210938,117.9000015258789,114.37999725341797,117.19000244140625,116.91909790039062,1894600
118.6500015258789,118.66999816894531,116.8499984741211,117.06999969482422,116.79937744140625,1853200
118.98999786376953,125.6240005493164,118.05999755859375,124.7300033569336,124.4416732788086,2530800
124.44000244140625,124.9739990234375,118.66000366210938,119.87000274658203,119.59290313720703,2271500
120.41999816894531,121.4800033569336,118.96499633789062,121.18000030517578,120.89987182617188,1730200
121.58999633789062,124.3550033569336,120.5199966430664,120.62999725341797,120.35114288330078,1603200
121.44999694824219,122.7249984741211,121.3759994506836,121.7699966430664,121.48851013183594,1219700
121.37999725341797,122.23600006103516,120.91000366210938,121.72000122070312,121.43862915039062,891600
124.05000305175781,126.70999908447266,123.37999725341797,126.5199966430664,126.22752380371094,1433300
126.58000183105469,127.23999786376953,121.69000244140625,121.98999786376953,121.70800018310547,1982200
123.0,123.83000183105469,121.51000213623047,121.66999816894531,121.66999816894531,1474500
122.19999694824219,123.5199966430664,121.5999984741211,121.69000244140625,121.69000244140625,1487900
122.44999694824219,122.8499984741211,121.4800033569336,122.27999877929688,122.27999877929688,1041600
122.9000015258789,123.18000030517578,121.8499984741211,122.51000213623047,122.51000213623047,984700
122.9000015258789,123.83999633789062,121.9749984741211,123.25,123.25,1376700
123.06999969482422,124.30000305175781,123.05000305175781,123.86000061035156,123.86000061035156,532500
123.93000030517578,125.37999725341797,123.37000274658203,125.0999984741211,125.0999984741211,1073200
124.9800033569336,126.5,123.76000213623047,124.44999694824219,124.44999694824219,2003000
123.55000305175781,123.94000244140625,119.76000213623047,120.58000183105469,120.58000183105469,2078800
120.58999633789062,121.86000061035156,120.51499938964844,121.04000091552734,121.04000091552734,2650000
120.62000274658203,120.94000244140625,119.6500015258789,119.87999725341797,119.87999725341797,1454900
119.0,119.55000305175781,118.05000305175781,118.91999816894531,118.91999816894531,1946900
118.70500183105469,118.94000244140625,115.88500213623047,118.30999755859375,118.30999755859375,1805900
119.33999633789062,119.66999816894531,112.22000122070312,112.62999725341797,112.62999725341797,2629800
113.26000213623047,113.44000244140625,109.44999694824219,110.52999877929688,110.52999877929688,3497000
109.98999786376953,111.61000061035156,109.6500015258789,111.20999908447266,111.20999908447266,2627300
111.55000305175781,116.30000305175781,110.66999816894531,116.1500015258789,116.1500015258789,2582900
116.16000366210938,116.4000015258789,113.8499984741211,114.48999786376953,114.48999786376953,1846200
114.58999633789062,116.75,113.52999877929688,116.43000030517578,116.43000030517578,1731100
116.63999938964844,117.80999755859375,115.37000274658203,115.5999984741211,115.5999984741211,2456400
115.66999816894531,120.87000274658203,115.61000061035156,118.75,118.75,5714900
119.56999969482422,121.54000091552734,118.91000366210938,119.36000061035156,119.36000061035156,2019800
119.7699966430664,121.05000305175781,119.25499725341797,120.80999755859375,120.80999755859375,1012700
119.83000183105469,120.125,117.0,117.01000213623047,117.01000213623047,1324300
117.48999786376953,118.43000030517578,116.80999755859375,118.30999755859375,118.30999755859375,904600
115.0,117.9800033569336,114.0199966430664,115.33000183105469,115.33000183105469,1188400
115.58999633789062,117.83999633789062,115.58999633789062,117.56999969482422,117.56999969482422,740700
117.27999877929688,117.76000213623047,116.87999725341797,117.41999816894531,117.41999816894531,541300
118.70999908447266,118.77999877929688,116.94999694824219,117.11000061035156,117.11000061035156,559700
116.7300033569336,117.2699966430664,115.93000030517578,116.88999938964844,116.88999938964844,849900
116.4000015258789,117.2300033569336,114.97000122070312,115.25,115.25,1362800
115.5,117.16600036621094,115.5,115.8499984741211,115.8499984741211,1372400
116.20999908447266,117.10900115966797,115.0,115.36000061035156,115.36000061035156,1348900
115.11000061035156,117.66200256347656,115.11000061035156,116.23999786376953,116.23999786376953,1729900
116.19000244140625,117.16000366210938,115.02999877929688,117.02999877929688,117.02999877929688,1351700
116.44000244140625,116.93000030517578,115.16999816894531,116.48999786376953,116.48999786376953,1514000
116.0199966430664,116.43000030517578,114.96499633789062,115.8499984741211,115.8499984741211,1090500
115.0,115.29000091552734,111.4800033569336,112.91000366210938,112.91000366210938,1609300
113.94000244140625,114.41999816894531,112.73999786376953,112.91000366210938,112.91000366210938,1556900
112.37000274658203,112.83499908447266,111.32749938964844,111.95999908447266,111.95999908447266,698895
